username,password,title,author,isbn,quantity
abcd1@gmail.com,Juhi@1234,abc,startbuks,10,1
abcd2@gmail.com,Juhi@1234,efg,ahold,11,2
abcd3@gmail.com,Juhi@1234,hij,startbuks,12,3
a4@gmail.com,Juhi@1234,klm,ahold,13,4
a5@gmail.com,Juhi@1234,nop,startbuks,14,5
a6@gmail.com,Juhi@1234,qrs,ahold,15,6
a7@gmail.com,Juhi@1234,abc,startbuks,16,7
a8@gmail.com,Juhi@1234,efg,ahold,17,8
a9@gmail.com,Juhi@1234,hij,startbuks,18,9
a10@gmail.com,Juhi@1234,klm,ahold,19,10
b1@gmail.com,Juhi@1234,abc,startbuks,10,11
b2@gmail.com,Juhi@1234,efg,ahold,11,12
b3@gmail.com,Juhi@1234,hij,startbuks,12,13
b4@gmail.com,Juhi@1234,klm,ahold,13,14
b5@gmail.com,Juhi@1234,nop,startbuks,14,15
b6@gmail.com,Juhi@1234,qrs,ahold,15,16
b7@gmail.com,Juhi@1234,abc,startbuks,16,17
b8@gmail.com,Juhi@1234,efg,ahold,17,18
b9@gmail.com,Juhi@1234,hij,startbuks,18,19
b10@gmail.com,Juhi@1234,klm,ahold,19,20
c1@gmail.com,Juhi@1234,abc,startbuks,10,21
c2@gmail.com,Juhi@1234,efg,ahold,11,22
c3@gmail.com,Juhi@1234,hij,startbuks,12,23
c4@gmail.com,Juhi@1234,klm,ahold,13,24
c5@gmail.com,Juhi@1234,nop,startbuks,14,25
c6@gmail.com,Juhi@1234,qrs,ahold,15,26
c7@gmail.com,Juhi@1234,abc,startbuks,16,27
c8@gmail.com,Juhi@1234,efg,ahold,17,28
c9@gmail.com,Juhi@1234,hij,startbuks,18,29
c10@gmail.com,Juhi@1234,klm,ahold,19,30
d1@gmail.com,Juhi@1234,abc,startbuks,10,31
d2@gmail.com,Juhi@1234,efg,ahold,11,32
d3@gmail.com,Juhi@1234,hij,startbuks,12,33
d4@gmail.com,Juhi@1234,klm,ahold,13,34
d5@gmail.com,Juhi@1234,nop,startbuks,14,35
d6@gmail.com,Juhi@1234,qrs,ahold,15,36
d7@gmail.com,Juhi@1234,abc,startbuks,16,37
d8@gmail.com,Juhi@1234,efg,ahold,17,38
d9@gmail.com,Juhi@1234,hij,startbuks,18,39
d10@gmail.com,Juhi@1234,klm,ahold,19,40
e1@gmail.com,Juhi@1234,abc,startbuks,10,41
e2@gmail.com,Juhi@1234,efg,ahold,11,42
e3@gmail.com,Juhi@1234,hij,startbuks,12,43
e4@gmail.com,Juhi@1234,klm,ahold,13,44
e5@gmail.com,Juhi@1234,nop,startbuks,14,45
e6@gmail.com,Juhi@1234,qrs,ahold,15,46
e7@gmail.com,Juhi@1234,abc,startbuks,16,47
e8@gmail.com,Juhi@1234,efg,ahold,17,48
e9@gmail.com,Juhi@1234,hij,startbuks,18,49
e10@gmail.com,Juhi@1234,klm,ahold,19,50
